,Date,High
0,2006-01-03,41.22
1,2006-01-04,41.9
2,2006-01-05,41.73
3,2006-01-06,43.57
4,2006-01-09,43.66
5,2006-01-10,43.34
6,2006-01-11,42.31
7,2006-01-12,41.99
8,2006-01-13,41.08
9,2006-01-17,40.39
10,2006-01-18,36.16
11,2006-01-19,35.84
12,2006-01-20,34.66
13,2006-01-23,34.4
14,2006-01-24,35.2
15,2006-01-25,35.48
16,2006-01-26,35.25
17,2006-01-27,35.27
18,2006-01-30,35.23
19,2006-01-31,35.2
20,2006-02-01,35.0
21,2006-02-02,35.1
22,2006-02-03,34.05
23,2006-02-06,33.95
24,2006-02-07,33.1
25,2006-02-08,33.4
26,2006-02-09,33.36
27,2006-02-10,32.6
28,2006-02-13,32.44
29,2006-02-14,32.83
30,2006-02-15,33.33
31,2006-02-16,33.4
32,2006-02-17,33.14
33,2006-02-21,33.07
34,2006-02-22,33.34
35,2006-02-23,33.66
36,2006-02-24,33.34
37,2006-02-27,33.21
38,2006-02-28,32.98
39,2006-03-01,32.42
40,2006-03-02,32.11
41,2006-03-03,32.07
42,2006-03-06,31.94
43,2006-03-07,32.2
44,2006-03-08,31.55
45,2006-03-09,31.32
46,2006-03-10,31.1
47,2006-03-13,30.97
48,2006-03-14,31.0
49,2006-03-15,31.28
50,2006-03-16,30.88
51,2006-03-17,30.36
52,2006-03-20,30.93
53,2006-03-21,30.78
54,2006-03-22,30.91
55,2006-03-23,31.95
56,2006-03-24,32.31
57,2006-03-27,32.08
58,2006-03-28,32.5
59,2006-03-29,32.91
60,2006-03-30,32.83
61,2006-03-31,32.63
62,2006-04-03,32.53
63,2006-04-04,32.25
64,2006-04-05,32.5
65,2006-04-06,33.14
66,2006-04-07,32.97
67,2006-04-10,32.63
68,2006-04-11,32.6
69,2006-04-12,31.5
70,2006-04-13,31.4
71,2006-04-17,31.79
72,2006-04-18,31.38
73,2006-04-19,33.98
74,2006-04-20,33.7
75,2006-04-21,34.09
76,2006-04-24,33.45
77,2006-04-25,33.06
78,2006-04-26,33.09
79,2006-04-27,33.5
80,2006-04-28,33.45
81,2006-05-01,33.1
82,2006-05-02,32.91
83,2006-05-03,33.0
84,2006-05-04,32.56
85,2006-05-05,32.75
86,2006-05-08,33.43
87,2006-05-09,34.0
88,2006-05-10,32.56
89,2006-05-11,32.17
90,2006-05-12,31.18
91,2006-05-15,31.25
92,2006-05-16,31.22
93,2006-05-17,31.26
94,2006-05-18,30.36
95,2006-05-19,29.75
96,2006-05-22,30.98
97,2006-05-23,31.63
98,2006-05-24,32.02
99,2006-05-25,33.5
100,2006-05-26,33.02
101,2006-05-30,32.89
102,2006-05-31,32.32
103,2006-06-01,32.0
104,2006-06-02,32.19
105,2006-06-05,31.43
106,2006-06-06,30.97
107,2006-06-07,31.25
108,2006-06-08,30.99
109,2006-06-09,30.8
110,2006-06-12,30.65
111,2006-06-13,30.2
112,2006-06-14,30.0
113,2006-06-15,30.96
114,2006-06-16,30.86
115,2006-06-19,30.75
116,2006-06-20,30.65
117,2006-06-21,31.54
118,2006-06-22,31.16
119,2006-06-23,31.76
120,2006-06-26,31.7
121,2006-06-27,32.22
122,2006-06-28,32.17
123,2006-06-29,33.0
124,2006-06-30,33.12
125,2006-07-03,33.44
126,2006-07-05,32.99
127,2006-07-06,33.22
128,2006-07-07,33.05
129,2006-07-10,33.14
130,2006-07-11,33.35
131,2006-07-12,33.74
132,2006-07-13,33.16
133,2006-07-14,32.48
134,2006-07-17,32.4
135,2006-07-18,32.26
136,2006-07-19,26.7
137,2006-07-20,26.21
138,2006-07-21,26.06
139,2006-07-24,27.23
140,2006-07-25,27.19
141,2006-07-26,27.51
142,2006-07-27,27.5
143,2006-07-28,27.5
144,2006-07-31,27.55
145,2006-08-01,27.12
146,2006-08-02,27.1
147,2006-08-03,27.05
148,2006-08-04,27.58
149,2006-08-07,27.11
150,2006-08-08,27.7
151,2006-08-09,27.85
152,2006-08-10,27.8
153,2006-08-11,27.72
154,2006-08-14,27.8
155,2006-08-15,28.2
156,2006-08-16,28.46
157,2006-08-17,29.32
158,2006-08-18,29.97
159,2006-08-21,29.52
160,2006-08-22,29.65
161,2006-08-23,29.47
162,2006-08-24,29.13
163,2006-08-25,29.28
164,2006-08-28,29.25
165,2006-08-29,29.01
166,2006-08-30,29.14
167,2006-08-31,29.02
168,2006-09-01,29.53
169,2006-09-05,29.48
170,2006-09-06,29.01
171,2006-09-07,28.51
172,2006-09-08,28.32
173,2006-09-11,28.73
174,2006-09-12,29.22
175,2006-09-13,29.37
176,2006-09-14,29.24
177,2006-09-15,29.57
178,2006-09-18,29.39
179,2006-09-19,29.13
180,2006-09-20,26.09
181,2006-09-21,25.95
182,2006-09-22,25.69
183,2006-09-25,25.87
184,2006-09-26,25.48
185,2006-09-27,25.01
186,2006-09-28,25.5
187,2006-09-29,25.59
188,2006-10-02,25.46
189,2006-10-03,25.0
190,2006-10-04,25.26
191,2006-10-05,25.25
192,2006-10-06,25.5
193,2006-10-09,25.72
194,2006-10-10,25.03
195,2006-10-11,24.64
196,2006-10-12,24.38
197,2006-10-13,24.5
198,2006-10-16,24.52
199,2006-10-17,24.35
200,2006-10-18,24.75
201,2006-10-19,23.59
202,2006-10-20,23.27
203,2006-10-23,23.5
204,2006-10-24,23.64
205,2006-10-25,24.64
206,2006-10-26,25.33
207,2006-10-27,25.6
208,2006-10-30,26.4
209,2006-10-31,26.7
210,2006-11-01,26.62
211,2006-11-02,26.6
212,2006-11-03,26.7
213,2006-11-06,26.7
214,2006-11-07,27.15
215,2006-11-08,27.25
216,2006-11-09,27.65
217,2006-11-10,27.5
218,2006-11-13,27.62
219,2006-11-14,27.5
220,2006-11-15,27.5
221,2006-11-16,27.33
222,2006-11-17,27.05
223,2006-11-20,27.04
224,2006-11-21,27.34
225,2006-11-22,28.56
226,2006-11-24,28.49
227,2006-11-27,28.5
228,2006-11-28,27.24
229,2006-11-29,27.4
230,2006-11-30,27.15
231,2006-12-01,27.25
232,2006-12-04,27.3
233,2006-12-05,27.61
234,2006-12-06,27.45
235,2006-12-07,27.16
236,2006-12-08,26.78
237,2006-12-11,26.7
238,2006-12-12,27.38
239,2006-12-13,27.23
240,2006-12-14,26.97
241,2006-12-15,27.22
242,2006-12-18,26.97
243,2006-12-19,26.5
244,2006-12-20,26.31
245,2006-12-21,25.75
246,2006-12-22,25.88
247,2006-12-26,25.61
248,2006-12-27,25.88
249,2006-12-28,25.72
250,2006-12-29,25.82
251,2007-01-03,26.26
252,2007-01-04,26.92
253,2007-01-05,27.87
254,2007-01-08,28.04
255,2007-01-09,28.05
256,2007-01-10,28.92
257,2007-01-11,29.37
258,2007-01-12,29.5
259,2007-01-16,29.88
260,2007-01-17,29.4
261,2007-01-18,28.99
262,2007-01-19,28.34
263,2007-01-22,27.9
264,2007-01-23,27.54
265,2007-01-24,29.2
266,2007-01-25,29.05
267,2007-01-26,28.52
268,2007-01-29,28.21
269,2007-01-30,28.39
270,2007-01-31,28.48
271,2007-02-01,28.71
272,2007-02-02,28.92
273,2007-02-05,28.8
274,2007-02-06,29.56
275,2007-02-07,30.15
276,2007-02-08,30.24
277,2007-02-09,30.16
278,2007-02-12,29.77
279,2007-02-13,29.68
280,2007-02-14,30.86
281,2007-02-15,31.65
282,2007-02-16,32.0
283,2007-02-20,32.21
284,2007-02-21,31.77
285,2007-02-22,32.08
286,2007-02-23,32.18
287,2007-02-26,32.84
288,2007-02-27,31.64
289,2007-02-28,31.47
290,2007-03-01,31.23
291,2007-03-02,30.89
292,2007-03-05,31.9
293,2007-03-06,31.06
294,2007-03-07,31.03
295,2007-03-08,31.04
296,2007-03-09,30.15
297,2007-03-12,30.11
298,2007-03-13,30.24
299,2007-03-14,30.04
300,2007-03-15,30.07
301,2007-03-16,30.11
302,2007-03-19,30.19
303,2007-03-20,30.35
304,2007-03-21,31.39
305,2007-03-22,31.44
306,2007-03-23,31.7
307,2007-03-26,31.74
308,2007-03-27,31.66
309,2007-03-28,31.7
310,2007-03-29,31.73
311,2007-03-30,31.6
312,2007-04-02,31.4
313,2007-04-03,32.0
314,2007-04-04,31.87
315,2007-04-05,32.09
316,2007-04-09,32.24
317,2007-04-10,32.02
318,2007-04-11,31.73
319,2007-04-12,31.42
320,2007-04-13,31.5
321,2007-04-16,31.79
322,2007-04-17,32.14
323,2007-04-18,28.9
324,2007-04-19,28.23
325,2007-04-20,27.86
326,2007-04-23,28.14
327,2007-04-24,28.26
328,2007-04-25,28.27
329,2007-04-26,28.65
330,2007-04-27,28.86
331,2007-04-30,28.5
332,2007-05-01,28.35
333,2007-05-02,28.26
334,2007-05-03,28.5
335,2007-05-04,33.61
336,2007-05-07,30.98
337,2007-05-08,31.1
338,2007-05-09,30.44
339,2007-05-10,30.69
340,2007-05-11,30.08
341,2007-05-14,30.0
342,2007-05-15,29.42
343,2007-05-16,29.37
344,2007-05-17,29.13
345,2007-05-18,29.8
346,2007-05-21,29.86
347,2007-05-22,29.35
348,2007-05-23,29.37
349,2007-05-24,28.88
350,2007-05-25,28.73
351,2007-05-29,28.73
352,2007-05-30,28.38
353,2007-05-31,28.85
354,2007-06-01,29.13
355,2007-06-04,28.78
356,2007-06-05,28.59
357,2007-06-06,28.11
358,2007-06-07,27.73
359,2007-06-08,27.45
360,2007-06-11,27.52
361,2007-06-12,27.66
362,2007-06-13,27.41
363,2007-06-14,27.64
364,2007-06-15,27.52
365,2007-06-18,28.34
366,2007-06-19,29.4
367,2007-06-20,28.17
368,2007-06-21,27.94
369,2007-06-22,27.79
370,2007-06-25,27.77
371,2007-06-26,28.18
372,2007-06-27,27.66
373,2007-06-28,27.49
374,2007-06-29,27.38
375,2007-07-02,27.27
376,2007-07-03,27.25
377,2007-07-05,27.14
378,2007-07-06,27.14
379,2007-07-09,27.33
380,2007-07-10,27.57
381,2007-07-11,27.05
382,2007-07-12,26.97
383,2007-07-13,26.97
384,2007-07-16,26.74
385,2007-07-17,27.8
386,2007-07-18,26.72
387,2007-07-19,26.34
388,2007-07-20,25.89
389,2007-07-23,25.46
390,2007-07-24,25.34
391,2007-07-25,25.32
392,2007-07-26,24.49
393,2007-07-27,24.49
394,2007-07-30,23.88
395,2007-07-31,23.93
396,2007-08-01,23.4
397,2007-08-02,23.7
398,2007-08-03,23.39
399,2007-08-06,23.15
400,2007-08-07,23.7
401,2007-08-08,23.87
402,2007-08-09,24.45
403,2007-08-10,24.22
404,2007-08-13,24.74
405,2007-08-14,24.7
406,2007-08-15,24.0
407,2007-08-16,23.15
408,2007-08-17,23.63
409,2007-08-20,23.74
410,2007-08-21,23.48
411,2007-08-22,23.52
412,2007-08-23,23.36
413,2007-08-24,23.73
414,2007-08-27,23.76
415,2007-08-28,23.1
416,2007-08-29,22.69
417,2007-08-30,22.91
418,2007-08-31,22.83
419,2007-09-04,24.5
420,2007-09-05,24.4
421,2007-09-06,24.32
422,2007-09-07,24.05
423,2007-09-10,23.85
424,2007-09-11,23.84
425,2007-09-12,23.94
426,2007-09-13,23.96
427,2007-09-14,25.0
428,2007-09-17,25.1
429,2007-09-18,25.21
430,2007-09-19,25.37
431,2007-09-20,25.61
432,2007-09-21,26.21
433,2007-09-24,26.4
434,2007-09-25,26.65
435,2007-09-26,27.07
436,2007-09-27,26.95
437,2007-09-28,26.89
438,2007-10-01,27.1
439,2007-10-02,27.24
440,2007-10-03,27.38
441,2007-10-04,27.29
442,2007-10-05,28.16
443,2007-10-08,28.17
444,2007-10-09,28.76
445,2007-10-10,28.7
446,2007-10-11,28.68
447,2007-10-12,28.51
448,2007-10-15,28.4
449,2007-10-16,27.48
450,2007-10-17,29.2
451,2007-10-18,29.6
452,2007-10-19,29.96
453,2007-10-22,30.0
454,2007-10-23,30.88
455,2007-10-24,30.98
456,2007-10-25,31.62
457,2007-10-26,33.99
458,2007-10-29,34.08
459,2007-10-30,31.64
460,2007-10-31,31.75
461,2007-11-01,31.1
462,2007-11-02,31.21
463,2007-11-05,32.37
464,2007-11-06,31.79
465,2007-11-07,29.3
466,2007-11-08,28.24
467,2007-11-09,26.38
468,2007-11-12,26.2
469,2007-11-13,26.24
470,2007-11-14,26.44
471,2007-11-15,25.75
472,2007-11-16,27.13
473,2007-11-19,27.35
474,2007-11-20,27.25
475,2007-11-21,26.58
476,2007-11-23,26.4
477,2007-11-26,26.25
478,2007-11-27,26.0
479,2007-11-28,26.7
480,2007-11-29,26.71
481,2007-11-30,27.33
482,2007-12-03,27.2
483,2007-12-04,26.73
484,2007-12-05,26.73
485,2007-12-06,26.02
486,2007-12-07,26.11
487,2007-12-10,25.57
488,2007-12-11,25.65
489,2007-12-12,25.0
490,2007-12-13,24.75
491,2007-12-14,24.47
492,2007-12-17,24.03
493,2007-12-18,23.35
494,2007-12-19,23.69
495,2007-12-20,23.8
496,2007-12-21,24.1
497,2007-12-24,24.19
498,2007-12-26,24.25
499,2007-12-27,24.15
500,2007-12-28,23.71
501,2007-12-31,23.43
502,2008-01-02,24.15
503,2008-01-03,24.19
504,2008-01-04,23.81
505,2008-01-07,23.56
506,2008-01-08,23.65
507,2008-01-09,22.8
508,2008-01-10,24.57
509,2008-01-11,24.13
510,2008-01-14,23.76
511,2008-01-15,23.48
512,2008-01-16,22.75
513,2008-01-17,22.17
514,2008-01-18,21.61
515,2008-01-22,21.03
516,2008-01-23,20.34
517,2008-01-24,21.75
518,2008-01-25,22.37
519,2008-01-28,21.9
520,2008-01-29,20.9
521,2008-01-30,20.81
522,2008-01-31,19.35
523,2008-02-01,29.83
524,2008-02-04,29.5
525,2008-02-05,29.57
526,2008-02-06,29.33
527,2008-02-07,29.19
528,2008-02-08,29.22
529,2008-02-11,30.05
530,2008-02-12,29.84
531,2008-02-13,30.07
532,2008-02-14,30.25
533,2008-02-15,30.15
534,2008-02-19,29.42
535,2008-02-20,29.04
536,2008-02-21,29.17
537,2008-02-22,28.64
538,2008-02-25,28.57
539,2008-02-26,28.55
540,2008-02-27,28.49
541,2008-02-28,28.82
542,2008-02-29,28.41
543,2008-03-03,28.08
544,2008-03-04,28.07
545,2008-03-05,28.78
546,2008-03-06,28.98
547,2008-03-07,29.18
548,2008-03-10,28.98
549,2008-03-11,29.16
550,2008-03-12,29.02
551,2008-03-13,28.27
552,2008-03-14,27.96
553,2008-03-17,26.64
554,2008-03-18,27.72
555,2008-03-19,27.79
556,2008-03-20,27.91
557,2008-03-24,28.07
558,2008-03-25,28.75
559,2008-03-26,28.78
560,2008-03-27,28.5
561,2008-03-28,29.09
562,2008-03-31,29.12
563,2008-04-01,28.62
564,2008-04-02,28.6
565,2008-04-03,28.22
566,2008-04-04,28.45
567,2008-04-07,28.15
568,2008-04-08,27.82
569,2008-04-09,27.95
570,2008-04-10,28.69
571,2008-04-11,28.61
572,2008-04-14,28.34
573,2008-04-15,28.25
574,2008-04-16,28.4
575,2008-04-17,28.4
576,2008-04-18,28.67
577,2008-04-21,28.68
578,2008-04-22,28.88
579,2008-04-23,28.35
580,2008-04-24,28.08
581,2008-04-25,26.93
582,2008-04-28,27.09
583,2008-04-29,27.48
584,2008-04-30,27.78
585,2008-05-01,28.34
586,2008-05-02,29.73
587,2008-05-05,24.93
588,2008-05-06,26.25
589,2008-05-07,25.71
590,2008-05-08,26.44
591,2008-05-09,26.19
592,2008-05-12,25.88
593,2008-05-13,26.84
594,2008-05-14,27.36
595,2008-05-15,27.98
596,2008-05-16,27.95
597,2008-05-19,28.33
598,2008-05-20,28.2
599,2008-05-21,27.95
600,2008-05-22,27.61
601,2008-05-23,27.74
602,2008-05-27,27.63
603,2008-05-28,27.48
604,2008-05-29,27.36
605,2008-05-30,27.1
606,2008-06-02,26.81
607,2008-06-03,26.6
608,2008-06-04,27.05
609,2008-06-05,26.64
610,2008-06-06,27.08
611,2008-06-09,26.86
612,2008-06-10,26.58
613,2008-06-11,26.46
614,2008-06-12,26.33
615,2008-06-13,23.48
616,2008-06-16,23.58
617,2008-06-17,23.58
618,2008-06-18,23.22
619,2008-06-19,22.87
620,2008-06-20,22.53
621,2008-06-23,22.12
622,2008-06-24,23.71
623,2008-06-25,22.24
624,2008-06-26,21.89
625,2008-06-27,21.46
626,2008-06-30,21.2
627,2008-07-01,20.49
628,2008-07-02,21.9
629,2008-07-03,21.75
630,2008-07-07,24.25
631,2008-07-08,24.66
632,2008-07-09,24.8
633,2008-07-10,24.1
634,2008-07-11,23.89
635,2008-07-14,23.24
636,2008-07-15,22.08
637,2008-07-16,22.6
638,2008-07-17,23.49
639,2008-07-18,22.55
640,2008-07-21,22.19
641,2008-07-22,21.7
642,2008-07-23,22.48
643,2008-07-24,21.06
644,2008-07-25,21.19
645,2008-07-28,21.17
646,2008-07-29,20.34
647,2008-07-30,20.18
648,2008-07-31,20.15
649,2008-08-01,20.12
650,2008-08-04,19.77
651,2008-08-05,19.91
652,2008-08-06,20.18
653,2008-08-07,20.25
654,2008-08-08,20.19
655,2008-08-11,20.28
656,2008-08-12,20.6
657,2008-08-13,20.48
658,2008-08-14,20.57
659,2008-08-15,20.82
660,2008-08-18,20.52
661,2008-08-19,19.91
662,2008-08-20,19.65
663,2008-08-21,19.18
664,2008-08-22,19.68
665,2008-08-25,19.4
666,2008-08-26,19.2
667,2008-08-27,19.45
668,2008-08-28,19.76
669,2008-08-29,19.6
670,2008-09-02,19.77
671,2008-09-03,19.0
672,2008-09-04,18.81
673,2008-09-05,18.34
674,2008-09-08,18.37
675,2008-09-09,18.19
676,2008-09-10,17.79
677,2008-09-11,18.57
678,2008-09-12,19.17
679,2008-09-15,19.14
680,2008-09-16,19.35
681,2008-09-17,19.08
682,2008-09-18,20.82
683,2008-09-19,20.79
684,2008-09-22,19.6
685,2008-09-23,19.13
686,2008-09-24,19.19
687,2008-09-25,19.56
688,2008-09-26,19.25
689,2008-09-29,18.92
690,2008-09-30,17.62
691,2008-10-01,17.31
692,2008-10-02,16.85
693,2008-10-03,16.44
694,2008-10-06,16.07
695,2008-10-07,15.49
696,2008-10-08,14.58
697,2008-10-09,13.9
698,2008-10-10,12.92
699,2008-10-13,13.51
700,2008-10-14,13.93
701,2008-10-15,12.55
702,2008-10-16,13.73
703,2008-10-17,13.5
704,2008-10-20,13.03
705,2008-10-21,12.74
706,2008-10-22,12.84
707,2008-10-23,12.7
708,2008-10-24,12.33
709,2008-10-27,12.19
710,2008-10-28,12.4
711,2008-10-29,12.61
712,2008-10-30,13.18
713,2008-10-31,13.36
714,2008-11-03,12.89
715,2008-11-04,13.49
716,2008-11-05,14.84
717,2008-11-06,14.89
718,2008-11-07,12.5
719,2008-11-10,12.4
720,2008-11-11,11.67
721,2008-11-12,11.34
722,2008-11-13,11.17
723,2008-11-14,11.5
724,2008-11-17,10.94
725,2008-11-18,12.4
726,2008-11-19,11.58
727,2008-11-20,10.01
728,2008-11-21,9.48
729,2008-11-24,10.27
730,2008-11-25,10.2
731,2008-11-26,10.58
732,2008-11-28,11.59
733,2008-12-01,11.98
734,2008-12-02,12.5
735,2008-12-03,11.5
736,2008-12-04,11.48
737,2008-12-05,11.7
738,2008-12-08,12.49
739,2008-12-09,12.54
740,2008-12-10,13.57
741,2008-12-11,13.36
742,2008-12-12,13.23
743,2008-12-15,13.29
744,2008-12-16,13.48
745,2008-12-17,13.43
746,2008-12-18,13.27
747,2008-12-19,13.32
748,2008-12-22,13.08
749,2008-12-23,12.65
750,2008-12-24,12.48
751,2008-12-26,12.38
752,2008-12-29,12.46
753,2008-12-30,12.0
754,2008-12-31,12.3
755,2009-01-02,12.85
756,2009-01-05,13.01
757,2009-01-06,13.24
758,2009-01-07,13.16
759,2009-01-08,13.07
760,2009-01-09,13.56
761,2009-01-12,13.1
762,2009-01-13,12.79
763,2009-01-14,12.53
764,2009-01-15,12.35
765,2009-01-16,11.97
766,2009-01-20,11.8
767,2009-01-21,11.59
768,2009-01-22,11.51
769,2009-01-23,11.55
770,2009-01-26,11.28
771,2009-01-27,11.37
772,2009-01-28,12.38
773,2009-01-29,12.24
774,2009-01-30,12.15
775,2009-02-02,12.32
776,2009-02-03,12.71
777,2009-02-04,13.23
778,2009-02-05,13.52
779,2009-02-06,13.84
780,2009-02-09,14.0
781,2009-02-10,13.9
782,2009-02-11,12.91
783,2009-02-12,12.66
784,2009-02-13,12.99
785,2009-02-17,12.58
786,2009-02-18,12.53
787,2009-02-19,12.59
788,2009-02-20,12.27
789,2009-02-23,12.35
790,2009-02-24,12.86
791,2009-02-25,12.79
792,2009-02-26,13.39
793,2009-02-27,13.33
794,2009-03-02,12.97
795,2009-03-03,12.87
796,2009-03-04,13.49
797,2009-03-05,13.07
798,2009-03-06,13.18
799,2009-03-09,13.45
800,2009-03-10,13.4
801,2009-03-11,13.5
802,2009-03-12,13.6
803,2009-03-13,13.64
804,2009-03-16,13.66
805,2009-03-17,14.04
806,2009-03-18,13.95
807,2009-03-19,14.14
808,2009-03-20,13.87
809,2009-03-23,14.12
810,2009-03-24,14.02
811,2009-03-25,13.88
812,2009-03-26,13.61
813,2009-03-27,13.61
814,2009-03-30,13.14
815,2009-03-31,13.1
816,2009-04-01,13.12
817,2009-04-02,13.14
818,2009-04-03,13.39
819,2009-04-06,13.24
820,2009-04-07,13.1
821,2009-04-08,13.01
822,2009-04-09,13.59
823,2009-04-13,14.54
824,2009-04-14,14.42
825,2009-04-15,14.09
826,2009-04-16,14.53
827,2009-04-17,14.52
828,2009-04-20,14.25
829,2009-04-21,14.59
830,2009-04-22,15.39
831,2009-04-23,14.74
832,2009-04-24,14.94
833,2009-04-27,14.55
834,2009-04-28,14.05
835,2009-04-29,14.35
836,2009-04-30,14.6
837,2009-05-01,14.5
838,2009-05-04,14.25
839,2009-05-05,14.99
840,2009-05-06,15.0
841,2009-05-07,15.1
842,2009-05-08,15.3
843,2009-05-11,15.83
844,2009-05-12,15.5
845,2009-05-13,14.95
846,2009-05-14,14.86
847,2009-05-15,15.1
848,2009-05-18,15.18
849,2009-05-19,15.34
850,2009-05-20,15.31
851,2009-05-21,15.12
852,2009-05-22,15.17
853,2009-05-26,15.44
854,2009-05-27,15.53
855,2009-05-28,15.24
856,2009-05-29,15.84
857,2009-06-01,16.65
858,2009-06-02,16.75
859,2009-06-03,16.5
860,2009-06-04,16.71
861,2009-06-05,16.99
862,2009-06-08,16.49
863,2009-06-09,16.5
864,2009-06-10,16.72
865,2009-06-11,16.46
866,2009-06-12,16.47
867,2009-06-15,16.68
868,2009-06-16,16.38
869,2009-06-17,16.03
870,2009-06-18,15.64
871,2009-06-19,15.84
872,2009-06-22,15.61
873,2009-06-23,14.9
874,2009-06-24,15.6
875,2009-06-25,15.67
876,2009-06-26,15.8
877,2009-06-29,16.01
878,2009-06-30,15.9
879,2009-07-01,15.69
880,2009-07-02,15.28
881,2009-07-06,14.93
882,2009-07-07,14.93
883,2009-07-08,14.69
884,2009-07-09,14.68
885,2009-07-10,15.18
886,2009-07-13,15.06
887,2009-07-14,15.22
888,2009-07-15,15.74
889,2009-07-16,16.25
890,2009-07-17,16.91
891,2009-07-20,17.43
892,2009-07-21,17.11
893,2009-07-22,17.48
894,2009-07-23,17.68
895,2009-07-24,17.59
896,2009-07-27,17.48
897,2009-07-28,17.49
898,2009-07-29,16.2
899,2009-07-30,15.14
900,2009-07-31,14.89
901,2009-08-03,14.62
902,2009-08-04,14.68
903,2009-08-05,14.91
904,2009-08-06,14.86
905,2009-08-07,14.9
906,2009-08-10,14.68
907,2009-08-11,14.65
908,2009-08-12,14.76
909,2009-08-13,15.07
910,2009-08-14,15.14
911,2009-08-17,14.78
912,2009-08-18,14.78
913,2009-08-19,14.91
914,2009-08-20,14.9
915,2009-08-21,14.96
916,2009-08-24,15.19
917,2009-08-25,15.21
918,2009-08-26,15.14
919,2009-08-27,15.0
920,2009-08-28,15.08
921,2009-08-31,14.8
922,2009-09-01,14.68
923,2009-09-02,14.33
924,2009-09-03,14.43
925,2009-09-04,14.64
926,2009-09-08,14.66
927,2009-09-09,14.86
928,2009-09-10,15.63
929,2009-09-11,15.68
930,2009-09-14,15.58
931,2009-09-15,16.49
932,2009-09-16,17.11
933,2009-09-17,17.79
934,2009-09-18,17.7
935,2009-09-21,17.23
936,2009-09-22,17.22
937,2009-09-23,17.6
938,2009-09-24,17.32
939,2009-09-25,17.15
940,2009-09-28,17.47
941,2009-09-29,17.66
942,2009-09-30,17.94
943,2009-10-01,17.72
944,2009-10-02,17.35
945,2009-10-05,17.12
946,2009-10-06,17.35
947,2009-10-07,17.49
948,2009-10-08,17.86
949,2009-10-09,17.48
950,2009-10-12,17.11
951,2009-10-13,17.0
952,2009-10-14,17.03
953,2009-10-15,16.89
954,2009-10-16,16.85
955,2009-10-19,17.29
956,2009-10-20,17.41
957,2009-10-21,18.02
958,2009-10-22,17.75
959,2009-10-23,17.75
960,2009-10-26,17.2
961,2009-10-27,16.87
962,2009-10-28,16.77
963,2009-10-29,16.38
964,2009-10-30,16.37
965,2009-11-02,15.9
966,2009-11-03,15.78
967,2009-11-04,15.9
968,2009-11-05,16.0
969,2009-11-06,16.03
970,2009-11-09,16.19
971,2009-11-10,16.36
972,2009-11-11,16.16
973,2009-11-12,16.28
974,2009-11-13,16.1
975,2009-11-16,16.19
976,2009-11-17,16.11
977,2009-11-18,16.13
978,2009-11-19,15.85
979,2009-11-20,15.74
980,2009-11-23,15.65
981,2009-11-24,15.49
982,2009-11-25,15.35
983,2009-11-27,15.09
984,2009-11-30,15.1
985,2009-12-01,15.19
986,2009-12-02,15.5
987,2009-12-03,15.38
988,2009-12-04,15.38
989,2009-12-07,15.65
990,2009-12-08,15.9
991,2009-12-09,15.54
992,2009-12-10,15.57
993,2009-12-11,15.9
994,2009-12-14,15.97
995,2009-12-15,15.88
996,2009-12-16,15.82
997,2009-12-17,15.96
998,2009-12-18,16.14
999,2009-12-21,16.17
1000,2009-12-22,16.08
1001,2009-12-23,16.7
1002,2009-12-24,16.75
1003,2009-12-28,16.94
1004,2009-12-29,16.97
1005,2009-12-30,16.99
1006,2009-12-31,16.96
1007,2010-01-04,17.2
1008,2010-01-05,17.23
1009,2010-01-06,17.3
1010,2010-01-07,16.9
1011,2010-01-08,16.76
1012,2010-01-11,16.83
1013,2010-01-12,16.86
1014,2010-01-13,16.98
1015,2010-01-14,17.23
1016,2010-01-15,17.25
1017,2010-01-19,16.96
1018,2010-01-20,16.68
1019,2010-01-21,16.58
1020,2010-01-22,16.21
1021,2010-01-25,16.11
1022,2010-01-26,16.17
1023,2010-01-27,16.49
1024,2010-01-28,15.96
1025,2010-01-29,15.67
1026,2010-02-01,15.3
1027,2010-02-02,15.32
1028,2010-02-03,15.6
1029,2010-02-04,15.52
1030,2010-02-05,15.25
1031,2010-02-08,15.47
1032,2010-02-09,15.24
1033,2010-02-10,15.02
1034,2010-02-11,15.25
1035,2010-02-12,15.19
1036,2010-02-16,15.48
1037,2010-02-17,15.52
1038,2010-02-18,15.6
1039,2010-02-19,15.71
1040,2010-02-22,15.68
1041,2010-02-23,15.51
1042,2010-02-24,15.71
1043,2010-02-25,15.35
1044,2010-02-26,15.41
1045,2010-03-01,15.83
1046,2010-03-02,15.96
1047,2010-03-03,15.85
1048,2010-03-04,15.85
1049,2010-03-05,16.38
1050,2010-03-08,16.61
1051,2010-03-09,16.72
1052,2010-03-10,16.94
1053,2010-03-11,16.65
1054,2010-03-12,16.59
1055,2010-03-15,16.64
1056,2010-03-16,16.59
1057,2010-03-17,16.63
1058,2010-03-18,16.57
1059,2010-03-19,16.81
1060,2010-03-22,16.54
1061,2010-03-23,16.34
1062,2010-03-24,16.2
1063,2010-03-25,16.59
1064,2010-03-26,16.57
1065,2010-03-29,16.68
1066,2010-03-30,16.69
1067,2010-03-31,16.58
1068,2010-04-05,16.56
1069,2010-04-06,16.98
1070,2010-04-07,16.92
1071,2010-04-08,17.41
1072,2010-04-09,18.07
1073,2010-04-12,17.88
1074,2010-04-13,18.3
1075,2010-04-14,18.47
1076,2010-04-15,19.12
1077,2010-04-16,18.68
1078,2010-04-19,18.4
1079,2010-04-20,18.52
1080,2010-04-21,17.78
1081,2010-04-22,17.78
1082,2010-04-23,17.83
1083,2010-04-26,17.72
1084,2010-04-27,17.36
1085,2010-04-28,17.0
1086,2010-04-29,17.05
1087,2010-04-30,17.13
1088,2010-05-03,16.98
1089,2010-05-04,16.9
1090,2010-05-05,16.7
1091,2010-05-06,16.51
1092,2010-05-07,15.95
1093,2010-05-10,16.83
1094,2010-05-11,16.64
1095,2010-05-12,16.5
1096,2010-05-13,16.5
1097,2010-05-14,16.66
1098,2010-05-17,16.47
1099,2010-05-18,16.44
1100,2010-05-19,16.0
1101,2010-05-20,15.49
1102,2010-05-21,15.9
1103,2010-05-24,15.79
1104,2010-05-25,15.31
1105,2010-05-26,15.83
1106,2010-05-27,15.84
1107,2010-05-28,15.69
1108,2010-06-01,15.55
1109,2010-06-02,15.2
1110,2010-06-03,15.5
1111,2010-06-04,15.38
1112,2010-06-07,15.36
1113,2010-06-08,15.12
1114,2010-06-09,15.06
1115,2010-06-10,15.14
1116,2010-06-11,15.35
1117,2010-06-14,15.49
1118,2010-06-15,15.69
1119,2010-06-16,15.65
1120,2010-06-17,15.72
1121,2010-06-18,15.67
1122,2010-06-21,15.84
1123,2010-06-22,15.51
1124,2010-06-23,15.39
1125,2010-06-24,15.19
1126,2010-06-25,14.92
1127,2010-06-28,14.86
1128,2010-06-29,14.54
1129,2010-06-30,14.22
1130,2010-07-01,14.15
1131,2010-07-02,14.24
1132,2010-07-06,14.46
1133,2010-07-07,14.42
1134,2010-07-08,14.77
1135,2010-07-09,14.93
1136,2010-07-12,15.21
1137,2010-07-13,15.6
1138,2010-07-14,15.42
1139,2010-07-15,15.39
1140,2010-07-16,15.37
1141,2010-07-19,15.38
1142,2010-07-20,15.28
1143,2010-07-21,14.28
1144,2010-07-22,14.17
1145,2010-07-23,14.04
1146,2010-07-26,14.22
1147,2010-07-27,14.1
1148,2010-07-28,13.99
1149,2010-07-29,13.96
1150,2010-07-30,13.98
1151,2010-08-02,14.08
1152,2010-08-03,14.07
1153,2010-08-04,14.2
1154,2010-08-05,14.25
1155,2010-08-06,14.38
1156,2010-08-09,14.52
1157,2010-08-10,14.46
1158,2010-08-11,14.2
1159,2010-08-12,13.99
1160,2010-08-13,13.96
1161,2010-08-16,13.9
1162,2010-08-17,14.0
1163,2010-08-18,14.05
1164,2010-08-19,14.0
1165,2010-08-20,13.95
1166,2010-08-23,13.87
1167,2010-08-24,13.64
1168,2010-08-25,13.37
1169,2010-08-26,13.4
1170,2010-08-27,13.47
1171,2010-08-30,13.42
1172,2010-08-31,13.14
1173,2010-09-01,13.41
1174,2010-09-02,13.54
1175,2010-09-03,13.75
1176,2010-09-07,13.62
1177,2010-09-08,13.82
1178,2010-09-09,13.92
1179,2010-09-10,13.77
1180,2010-09-13,13.88
1181,2010-09-14,13.76
1182,2010-09-15,14.35
1183,2010-09-16,14.23
1184,2010-09-17,14.33
1185,2010-09-20,14.06
1186,2010-09-21,14.26
1187,2010-09-22,14.25
1188,2010-09-23,14.24
1189,2010-09-24,14.51
1190,2010-09-27,14.52
1191,2010-09-28,14.45
1192,2010-09-29,14.39
1193,2010-09-30,14.35
1194,2010-10-01,14.35
1195,2010-10-04,14.32
1196,2010-10-05,14.77
1197,2010-10-06,14.7
1198,2010-10-07,14.61
1199,2010-10-08,14.56
1200,2010-10-11,14.58
1201,2010-10-12,14.47
1202,2010-10-13,15.48
1203,2010-10-14,16.76
1204,2010-10-15,16.73
1205,2010-10-18,16.28
1206,2010-10-19,15.8
1207,2010-10-20,16.25
1208,2010-10-21,16.0
1209,2010-10-22,16.41
1210,2010-10-25,16.44
1211,2010-10-26,16.48
1212,2010-10-27,16.43
1213,2010-10-28,16.45
1214,2010-10-29,16.52
1215,2010-11-01,16.52
1216,2010-11-02,16.4
1217,2010-11-03,16.23
1218,2010-11-04,16.35
1219,2010-11-05,16.4
1220,2010-11-08,16.5
1221,2010-11-09,17.6
1222,2010-11-10,17.01
1223,2010-11-11,16.86
1224,2010-11-12,16.75
1225,2010-11-15,16.89
1226,2010-11-16,16.49
1227,2010-11-17,16.33
1228,2010-11-18,17.17
1229,2010-11-19,16.97
1230,2010-11-22,16.65
1231,2010-11-23,16.43
1232,2010-11-24,16.48
1233,2010-11-26,16.4
1234,2010-11-29,16.45
1235,2010-11-30,16.34
1236,2010-12-01,16.4
1237,2010-12-02,16.41
1238,2010-12-03,16.37
1239,2010-12-06,16.6
1240,2010-12-07,17.07
1241,2010-12-08,17.22
1242,2010-12-09,17.19
1243,2010-12-10,17.05
1244,2010-12-13,16.99
1245,2010-12-14,16.84
1246,2010-12-15,16.73
1247,2010-12-16,16.7
1248,2010-12-17,16.66
1249,2010-12-20,16.42
1250,2010-12-21,16.68
1251,2010-12-22,16.78
1252,2010-12-23,16.73
1253,2010-12-27,16.63
1254,2010-12-28,16.54
1255,2010-12-29,16.77
1256,2010-12-30,16.77
1257,2010-12-31,16.76
1258,2011-01-03,16.94
1259,2011-01-04,16.83
1260,2011-01-05,16.91
1261,2011-01-06,17.34
1262,2011-01-07,17.17
1263,2011-01-10,16.8
1264,2011-01-11,16.73
1265,2011-01-12,16.81
1266,2011-01-13,16.92
1267,2011-01-14,16.83
1268,2011-01-18,16.68
1269,2011-01-19,16.55
1270,2011-01-20,16.33
1271,2011-01-21,16.31
1272,2011-01-24,16.24
1273,2011-01-25,16.19
1274,2011-01-26,16.05
1275,2011-01-27,16.36
1276,2011-01-28,16.21
1277,2011-01-31,16.2
1278,2011-02-01,16.46
1279,2011-02-02,16.66
1280,2011-02-03,16.91
1281,2011-02-04,16.91
1282,2011-02-07,17.0
1283,2011-02-08,16.85
1284,2011-02-09,16.7
1285,2011-02-10,16.72
1286,2011-02-11,16.86
1287,2011-02-14,16.93
1288,2011-02-15,17.39
1289,2011-02-16,17.82
1290,2011-02-17,17.82
1291,2011-02-18,17.84
1292,2011-02-22,17.39
1293,2011-02-23,17.1
1294,2011-02-24,16.73
1295,2011-02-25,16.77
1296,2011-02-28,16.6
1297,2011-03-01,16.49
1298,2011-03-02,16.85
1299,2011-03-03,17.04
1300,2011-03-04,17.2
1301,2011-03-07,17.15
1302,2011-03-08,17.02
1303,2011-03-09,17.7
1304,2011-03-10,17.39
1305,2011-03-11,17.54
1306,2011-03-14,17.44
1307,2011-03-15,16.68
1308,2011-03-16,16.48
1309,2011-03-17,16.42
1310,2011-03-18,16.19
1311,2011-03-21,16.5
1312,2011-03-22,16.48
1313,2011-03-23,16.34
1314,2011-03-24,16.91
1315,2011-03-25,17.05
1316,2011-03-28,17.06
1317,2011-03-29,16.78
1318,2011-03-30,16.92
1319,2011-03-31,16.88
1320,2011-04-01,16.98
1321,2011-04-04,17.05
1322,2011-04-05,17.29
1323,2011-04-06,17.2
1324,2011-04-07,17.1
1325,2011-04-08,17.11
1326,2011-04-11,16.96
1327,2011-04-12,16.64
1328,2011-04-13,16.69
1329,2011-04-14,16.82
1330,2011-04-15,16.78
1331,2011-04-18,16.44
1332,2011-04-19,16.36
1333,2011-04-20,17.23
1334,2011-04-21,16.94
1335,2011-04-25,17.3
1336,2011-04-26,17.37
1337,2011-04-27,17.43
1338,2011-04-28,17.53
1339,2011-04-29,17.77
1340,2011-05-02,18.34
1341,2011-05-03,18.64
1342,2011-05-04,18.38
1343,2011-05-05,18.56
1344,2011-05-06,18.8
1345,2011-05-09,18.84
1346,2011-05-10,18.7
1347,2011-05-11,18.61
1348,2011-05-12,17.81
1349,2011-05-13,16.84
1350,2011-05-16,16.69
1351,2011-05-17,16.07
1352,2011-05-18,16.16
1353,2011-05-19,16.49
1354,2011-05-20,16.44
1355,2011-05-23,16.17
1356,2011-05-24,16.41
1357,2011-05-25,16.99
1358,2011-05-26,16.22
1359,2011-05-27,16.19
1360,2011-05-31,16.59
1361,2011-06-01,16.43
1362,2011-06-02,16.11
1363,2011-06-03,16.0
1364,2011-06-06,15.85
1365,2011-06-07,15.65
1366,2011-06-08,15.38
1367,2011-06-09,15.33
1368,2011-06-10,15.73
1369,2011-06-13,15.34
1370,2011-06-14,15.56
1371,2011-06-15,15.05
1372,2011-06-16,15.09
1373,2011-06-17,14.98
1374,2011-06-20,15.42
1375,2011-06-21,15.38
1376,2011-06-22,15.53
1377,2011-06-23,15.09
1378,2011-06-24,15.16
1379,2011-06-27,14.98
1380,2011-06-28,15.18
1381,2011-06-29,15.05
1382,2011-06-30,15.1
1383,2011-07-01,15.5
1384,2011-07-05,15.67
1385,2011-07-06,15.81
1386,2011-07-07,15.95
1387,2011-07-08,15.69
1388,2011-07-11,15.44
1389,2011-07-12,15.18
1390,2011-07-13,15.1
1391,2011-07-14,14.99
1392,2011-07-15,14.94
1393,2011-07-18,14.69
1394,2011-07-19,14.69
1395,2011-07-20,14.15
1396,2011-07-21,13.62
1397,2011-07-22,14.05
1398,2011-07-25,13.88
1399,2011-07-26,13.99
1400,2011-07-27,13.9
1401,2011-07-28,13.71
1402,2011-07-29,14.07
1403,2011-08-01,13.34
1404,2011-08-02,12.94
1405,2011-08-03,13.07
1406,2011-08-04,12.86
1407,2011-08-05,12.12
1408,2011-08-08,11.8
1409,2011-08-09,12.09
1410,2011-08-10,12.14
1411,2011-08-11,12.92
1412,2011-08-12,13.62
1413,2011-08-15,13.69
1414,2011-08-16,13.57
1415,2011-08-17,13.62
1416,2011-08-18,13.09
1417,2011-08-19,13.08
1418,2011-08-22,13.23
1419,2011-08-23,13.35
1420,2011-08-24,13.3
1421,2011-08-25,13.21
1422,2011-08-26,12.89
1423,2011-08-29,13.68
1424,2011-08-30,13.98
1425,2011-08-31,13.94
1426,2011-09-01,13.78
1427,2011-09-02,13.13
1428,2011-09-06,12.95
1429,2011-09-07,14.0
1430,2011-09-08,14.49
1431,2011-09-09,14.57
1432,2011-09-12,14.28
1433,2011-09-13,14.34
1434,2011-09-14,14.94
1435,2011-09-15,15.4
1436,2011-09-16,15.34
1437,2011-09-19,14.79
1438,2011-09-20,14.66
1439,2011-09-21,14.6
1440,2011-09-22,14.25
1441,2011-09-23,14.83
1442,2011-09-26,14.8
1443,2011-09-27,15.0
1444,2011-09-28,14.62
1445,2011-09-29,14.39
1446,2011-09-30,13.44
1447,2011-10-03,14.04
1448,2011-10-04,14.48
1449,2011-10-05,16.15
1450,2011-10-06,15.8
1451,2011-10-07,15.75
1452,2011-10-10,16.04
1453,2011-10-11,15.95
1454,2011-10-12,15.95
1455,2011-10-13,16.37
1456,2011-10-14,16.15
1457,2011-10-17,16.04
1458,2011-10-18,15.74
1459,2011-10-19,16.79
1460,2011-10-20,16.49
1461,2011-10-21,16.39
1462,2011-10-24,16.75
1463,2011-10-25,16.7
1464,2011-10-26,16.44
1465,2011-10-27,16.7
1466,2011-10-28,16.7
1467,2011-10-31,16.07
1468,2011-11-01,15.08
1469,2011-11-02,15.3
1470,2011-11-03,15.5
1471,2011-11-04,15.54
1472,2011-11-07,15.7
1473,2011-11-08,16.18
1474,2011-11-09,16.5
1475,2011-11-10,16.22
1476,2011-11-11,16.31
1477,2011-11-14,16.31
1478,2011-11-15,16.05
1479,2011-11-16,16.1
1480,2011-11-17,15.77
1481,2011-11-18,15.69
1482,2011-11-21,15.19
1483,2011-11-22,15.08
1484,2011-11-23,15.24
1485,2011-11-25,15.25
1486,2011-11-28,15.47
1487,2011-11-29,15.94
1488,2011-11-30,16.04
1489,2011-12-01,16.46
1490,2011-12-02,16.41
1491,2011-12-05,16.14
1492,2011-12-06,16.05
1493,2011-12-07,15.86
1494,2011-12-08,15.76
1495,2011-12-09,15.96
1496,2011-12-12,15.72
1497,2011-12-13,15.74
1498,2011-12-14,15.28
1499,2011-12-15,15.29
1500,2011-12-16,15.26
1501,2011-12-19,15.0
1502,2011-12-20,15.18
1503,2011-12-21,16.24
1504,2011-12-22,16.4
1505,2011-12-23,16.26
1506,2011-12-27,16.17
1507,2011-12-28,16.05
1508,2011-12-29,16.23
1509,2011-12-30,16.21
1510,2012-01-03,16.39
1511,2012-01-04,16.16
1512,2012-01-05,15.69
1513,2012-01-06,15.66
1514,2012-01-09,15.61
1515,2012-01-10,15.71
1516,2012-01-11,15.62
1517,2012-01-12,15.73
1518,2012-01-13,15.67
1519,2012-01-17,15.66
1520,2012-01-18,16.0
1521,2012-01-19,16.15
1522,2012-01-20,16.11
1523,2012-01-23,15.93
1524,2012-01-24,15.81
1525,2012-01-25,15.7
1526,2012-01-26,15.69
1527,2012-01-27,15.8
1528,2012-01-30,15.65
1529,2012-01-31,15.62
1530,2012-02-01,15.8
1531,2012-02-02,15.82
1532,2012-02-03,15.98
1533,2012-02-06,15.95
1534,2012-02-07,15.89
1535,2012-02-08,15.97
1536,2012-02-09,16.1
1537,2012-02-10,16.31
1538,2012-02-13,16.24
1539,2012-02-14,16.1
1540,2012-02-15,15.3
1541,2012-02-16,15.38
1542,2012-02-17,15.44
1543,2012-02-21,15.07
1544,2012-02-22,14.75
1545,2012-02-23,14.81
1546,2012-02-24,14.97
1547,2012-02-27,14.91
1548,2012-02-28,14.99
1549,2012-02-29,14.93
1550,2012-03-01,14.96
1551,2012-03-02,14.92
1552,2012-03-05,14.95
1553,2012-03-06,14.69
1554,2012-03-07,14.71
1555,2012-03-08,14.77
1556,2012-03-09,14.7
1557,2012-03-12,14.76
1558,2012-03-13,14.62
1559,2012-03-14,14.64
1560,2012-03-15,14.98
1561,2012-03-16,15.18
1562,2012-03-19,15.22
1563,2012-03-20,15.61
1564,2012-03-21,15.61
1565,2012-03-22,15.56
1566,2012-03-23,15.59
1567,2012-03-26,15.56
1568,2012-03-27,15.55
1569,2012-03-28,15.48
1570,2012-03-29,15.34
1571,2012-03-30,15.42
1572,2012-04-02,15.51
1573,2012-04-03,15.43
1574,2012-04-04,15.34
1575,2012-04-05,15.26
1576,2012-04-09,15.25
1577,2012-04-10,15.18
1578,2012-04-11,15.08
1579,2012-04-12,15.1
1580,2012-04-13,15.18
1581,2012-04-16,15.04
1582,2012-04-17,15.18
1583,2012-04-18,15.57
1584,2012-04-19,15.57
1585,2012-04-20,15.7
1586,2012-04-23,15.47
1587,2012-04-24,15.52
1588,2012-04-25,15.51
1589,2012-04-26,15.55
1590,2012-04-27,15.62
1591,2012-04-30,15.57
1592,2012-05-01,15.72
1593,2012-05-02,15.77
1594,2012-05-03,15.64
1595,2012-05-04,15.29
1596,2012-05-07,15.49
1597,2012-05-08,15.44
1598,2012-05-09,15.45
1599,2012-05-10,15.54
1600,2012-05-11,15.44
1601,2012-05-14,15.77
1602,2012-05-15,15.55
1603,2012-05-16,15.57
1604,2012-05-17,15.37
1605,2012-05-18,15.87
1606,2012-05-21,16.0
1607,2012-05-22,15.61
1608,2012-05-23,15.43
1609,2012-05-24,15.51
1610,2012-05-25,15.48
1611,2012-05-29,15.55
1612,2012-05-30,15.34
1613,2012-05-31,15.37
1614,2012-06-01,15.12
1615,2012-06-04,15.03
1616,2012-06-05,15.14
1617,2012-06-06,15.41
1618,2012-06-07,15.5
1619,2012-06-08,15.68
1620,2012-06-11,15.73
1621,2012-06-12,15.52
1622,2012-06-13,15.49
1623,2012-06-14,15.46
1624,2012-06-15,15.44
1625,2012-06-18,15.54
1626,2012-06-19,15.69
1627,2012-06-20,15.75
1628,2012-06-21,15.8
1629,2012-06-22,15.7
1630,2012-06-25,15.55
1631,2012-06-26,16.35
1632,2012-06-27,15.63
1633,2012-06-28,15.48
1634,2012-06-29,15.83
1635,2012-07-02,15.94
1636,2012-07-03,15.99
1637,2012-07-05,15.99
1638,2012-07-06,15.91
1639,2012-07-09,15.84
1640,2012-07-10,15.98
1641,2012-07-11,15.94
1642,2012-07-12,15.81
1643,2012-07-13,15.84
1644,2012-07-16,15.8
1645,2012-07-17,15.89
1646,2012-07-18,15.75
1647,2012-07-19,15.86
1648,2012-07-20,15.94
1649,2012-07-23,15.81
1650,2012-07-24,15.76
1651,2012-07-25,15.64
1652,2012-07-26,15.88
1653,2012-07-27,16.17
1654,2012-07-30,16.15
1655,2012-07-31,16.06
1656,2012-08-01,16.07
1657,2012-08-02,16.0
1658,2012-08-03,16.03
1659,2012-08-06,16.07
1660,2012-08-07,16.37
1661,2012-08-08,16.32
1662,2012-08-09,16.16
1663,2012-08-10,15.35
1664,2012-08-13,15.21
1665,2012-08-14,15.05
1666,2012-08-15,14.86
1667,2012-08-16,15.01
1668,2012-08-17,15.07
1669,2012-08-20,15.05
1670,2012-08-21,15.01
1671,2012-08-22,14.99
1672,2012-08-23,14.97
1673,2012-08-24,14.94
1674,2012-08-27,14.93
1675,2012-08-28,14.87
1676,2012-08-29,14.94
1677,2012-08-30,14.84
1678,2012-08-31,14.82
1679,2012-09-04,14.98
1680,2012-09-05,15.14
1681,2012-09-06,15.15
1682,2012-09-07,15.29
1683,2012-09-10,15.28
1684,2012-09-11,15.25
1685,2012-09-12,15.55
1686,2012-09-13,15.69
1687,2012-09-14,15.84
1688,2012-09-17,15.84
1689,2012-09-18,16.17
1690,2012-09-19,16.13
1691,2012-09-20,15.86
1692,2012-09-21,15.82
1693,2012-09-24,16.04
1694,2012-09-25,16.09
1695,2012-09-26,15.81
1696,2012-09-27,16.2
1697,2012-09-28,16.09
1698,2012-10-01,16.09
1699,2012-10-02,16.04
1700,2012-10-03,16.24
1701,2012-10-04,16.35
1702,2012-10-05,16.38
1703,2012-10-08,16.16
1704,2012-10-09,16.05
1705,2012-10-10,15.99
1706,2012-10-11,16.02
1707,2012-10-12,16.02
1708,2012-10-15,15.87
1709,2012-10-16,15.98
1710,2012-10-17,16.12
1711,2012-10-18,16.24
1712,2012-10-19,16.03
1713,2012-10-22,15.95
1714,2012-10-23,16.79
1715,2012-10-24,16.8
1716,2012-10-25,16.77
1717,2012-10-26,16.82
1718,2012-10-31,16.89
1719,2012-11-01,17.05
1720,2012-11-02,17.14
1721,2012-11-05,17.43
1722,2012-11-06,17.53
1723,2012-11-07,17.56
1724,2012-11-08,17.5
1725,2012-11-09,17.52
1726,2012-11-12,17.56
1727,2012-11-13,17.85
1728,2012-11-14,18.08
1729,2012-11-15,18.16
1730,2012-11-16,18.02
1731,2012-11-19,18.37
1732,2012-11-20,18.5
1733,2012-11-21,18.5
1734,2012-11-23,18.59
1735,2012-11-26,19.0
1736,2012-11-27,19.16
1737,2012-11-28,18.95
1738,2012-11-29,19.03
1739,2012-11-30,18.95
1740,2012-12-03,18.84
1741,2012-12-04,18.96
1742,2012-12-05,19.03
1743,2012-12-06,19.28
1744,2012-12-07,19.3
1745,2012-12-10,19.47
1746,2012-12-11,19.63
1747,2012-12-12,19.6
1748,2012-12-13,19.54
1749,2012-12-14,19.72
1750,2012-12-17,19.74
1751,2012-12-18,19.76
1752,2012-12-19,19.69
1753,2012-12-20,19.71
1754,2012-12-21,19.49
1755,2012-12-24,19.66
1756,2012-12-26,19.75
1757,2012-12-27,19.67
1758,2012-12-28,19.57
1759,2012-12-31,19.97
1760,2013-01-02,20.32
1761,2013-01-03,20.1
1762,2013-01-04,19.95
1763,2013-01-07,19.58
1764,2013-01-08,19.68
1765,2013-01-09,19.75
1766,2013-01-10,19.38
1767,2013-01-11,19.38
1768,2013-01-14,19.54
1769,2013-01-15,19.54
1770,2013-01-16,20.14
1771,2013-01-17,20.2
1772,2013-01-18,20.17
1773,2013-01-22,19.95
1774,2013-01-23,20.19
1775,2013-01-24,20.52
1776,2013-01-25,20.48
1777,2013-01-28,20.5
1778,2013-01-29,20.88
1779,2013-01-30,20.12
1780,2013-01-31,19.99
1781,2013-02-01,19.83
1782,2013-02-04,19.81
1783,2013-02-05,19.78
1784,2013-02-06,19.9
1785,2013-02-07,20.43
1786,2013-02-08,20.61
1787,2013-02-11,20.98
1788,2013-02-12,21.4
1789,2013-02-13,21.43
1790,2013-02-14,21.26
1791,2013-02-15,21.25
1792,2013-02-19,21.41
1793,2013-02-20,21.45
1794,2013-02-21,21.0
1795,2013-02-22,21.31
1796,2013-02-25,21.32
1797,2013-02-26,20.85
1798,2013-02-27,21.31
1799,2013-02-28,21.57
1800,2013-03-01,22.28
1801,2013-03-04,22.74
1802,2013-03-05,23.08
1803,2013-03-06,23.09
1804,2013-03-07,23.0
1805,2013-03-08,22.96
1806,2013-03-11,23.0
1807,2013-03-12,22.58
1808,2013-03-13,22.48
1809,2013-03-14,22.75
1810,2013-03-15,22.39
1811,2013-03-18,22.17
1812,2013-03-19,22.33
1813,2013-03-20,22.33
1814,2013-03-21,22.95
1815,2013-03-22,23.26
1816,2013-03-25,23.88
1817,2013-03-26,23.62
1818,2013-03-27,23.83
1819,2013-03-28,23.77
1820,2013-04-01,23.62
1821,2013-04-02,23.9
1822,2013-04-03,23.88
1823,2013-04-04,23.72
1824,2013-04-05,23.41
1825,2013-04-08,23.48
1826,2013-04-09,24.0
1827,2013-04-10,24.32
1828,2013-04-11,24.57
1829,2013-04-12,24.8
1830,2013-04-15,24.99
1831,2013-04-16,24.26
1832,2013-04-17,24.1
1833,2013-04-18,23.7
1834,2013-04-19,23.63
1835,2013-04-22,23.96
1836,2013-04-23,24.45
1837,2013-04-24,24.96
1838,2013-04-25,25.29
1839,2013-04-26,25.37
1840,2013-04-29,24.91
1841,2013-04-30,24.78
1842,2013-05-01,24.72
1843,2013-05-02,24.97
1844,2013-05-03,25.25
1845,2013-05-06,25.34
1846,2013-05-07,26.79
1847,2013-05-08,26.66
1848,2013-05-09,26.49
1849,2013-05-10,26.86
1850,2013-05-13,26.83
1851,2013-05-14,26.87
1852,2013-05-15,27.68
1853,2013-05-16,27.43
1854,2013-05-17,26.98
1855,2013-05-20,27.05
1856,2013-05-21,27.13
1857,2013-05-22,27.19
1858,2013-05-23,26.27
1859,2013-05-24,26.48
1860,2013-05-28,26.77
1861,2013-05-29,26.04
1862,2013-05-30,26.5
1863,2013-05-31,26.6
1864,2013-06-03,26.62
1865,2013-06-04,26.56
1866,2013-06-05,26.25
1867,2013-06-06,26.21
1868,2013-06-07,27.09
1869,2013-06-10,27.12
1870,2013-06-11,26.88
1871,2013-06-12,26.53
1872,2013-06-13,26.46
1873,2013-06-14,26.55
1874,2013-06-17,26.85
1875,2013-06-18,26.89
1876,2013-06-19,26.78
1877,2013-06-20,26.05
1878,2013-06-21,25.43
1879,2013-06-24,25.08
1880,2013-06-25,25.0
1881,2013-06-26,25.68
1882,2013-06-27,25.98
1883,2013-06-28,25.54
1884,2013-07-01,25.54
1885,2013-07-02,25.5
1886,2013-07-03,25.64
1887,2013-07-05,26.26
1888,2013-07-08,25.99
1889,2013-07-09,26.7
1890,2013-07-10,27.07
1891,2013-07-11,27.19
1892,2013-07-12,27.44
1893,2013-07-15,27.47
1894,2013-07-16,27.45
1895,2013-07-17,29.73
1896,2013-07-18,29.83
1897,2013-07-19,29.72
1898,2013-07-22,28.42
1899,2013-07-23,28.04
1900,2013-07-24,27.92
1901,2013-07-25,28.46
1902,2013-07-26,28.34
1903,2013-07-29,28.33
1904,2013-07-30,28.23
1905,2013-07-31,28.21
1906,2013-08-01,28.45
1907,2013-08-02,28.09
1908,2013-08-05,27.8
1909,2013-08-06,27.75
1910,2013-08-07,27.51
1911,2013-08-08,27.62
1912,2013-08-09,27.7
1913,2013-08-12,28.37
1914,2013-08-13,28.6
1915,2013-08-14,28.21
1916,2013-08-15,27.83
1917,2013-08-16,27.6
1918,2013-08-19,27.44
1919,2013-08-20,27.31
1920,2013-08-21,27.49
1921,2013-08-22,28.01
1922,2013-08-23,28.32
1923,2013-08-26,28.04
1924,2013-08-27,27.46
1925,2013-08-28,27.24
1926,2013-08-29,27.45
1927,2013-08-30,27.44
1928,2013-09-03,27.87
1929,2013-09-04,28.12
1930,2013-09-05,28.35
1931,2013-09-06,28.5
1932,2013-09-09,29.32
1933,2013-09-10,29.63
1934,2013-09-11,29.41
1935,2013-09-12,30.27
1936,2013-09-13,29.47
1937,2013-09-16,30.04
1938,2013-09-17,30.0
1939,2013-09-18,30.46
1940,2013-09-19,31.05
1941,2013-09-20,31.1
1942,2013-09-23,31.03
1943,2013-09-24,31.66
1944,2013-09-25,32.03
1945,2013-09-26,33.0
1946,2013-09-27,33.85
1947,2013-09-30,33.75
1948,2013-10-01,34.44
1949,2013-10-02,34.7
1950,2013-10-03,34.36
1951,2013-10-04,35.06
1952,2013-10-07,34.69
1953,2013-10-08,34.5
1954,2013-10-09,33.33
1955,2013-10-10,33.91
1956,2013-10-11,34.37
1957,2013-10-14,34.1
1958,2013-10-15,34.32
1959,2013-10-16,34.11
1960,2013-10-17,33.01
1961,2013-10-18,33.75
1962,2013-10-21,34.35
1963,2013-10-22,34.6
1964,2013-10-23,33.84
1965,2013-10-24,33.31
1966,2013-10-25,32.95
1967,2013-10-28,32.7
1968,2013-10-29,34.0
1969,2013-10-30,33.48
1970,2013-10-31,33.12
1971,2013-11-01,33.34
1972,2013-11-04,33.66
1973,2013-11-05,33.08
1974,2013-11-06,33.3
1975,2013-11-07,33.05
1976,2013-11-08,33.12
1977,2013-11-11,33.99
1978,2013-11-12,34.52
1979,2013-11-13,35.12
1980,2013-11-14,35.89
1981,2013-11-15,35.94
1982,2013-11-18,36.19
1983,2013-11-19,35.16
1984,2013-11-20,36.22
1985,2013-11-21,36.66
1986,2013-11-22,36.63
1987,2013-11-25,36.85
1988,2013-11-26,36.75
1989,2013-11-27,37.12
1990,2013-11-29,37.35
1991,2013-12-02,37.15
1992,2013-12-03,37.07
1993,2013-12-04,38.15
1994,2013-12-05,39.31
1995,2013-12-06,39.28
1996,2013-12-09,39.2
1997,2013-12-10,40.25
1998,2013-12-11,40.16
1999,2013-12-12,40.0
2000,2013-12-13,40.2
2001,2013-12-16,40.27
2002,2013-12-17,40.0
2003,2013-12-18,40.04
2004,2013-12-19,40.38
2005,2013-12-20,40.6
2006,2013-12-23,40.8
2007,2013-12-24,40.95
2008,2013-12-26,41.05
2009,2013-12-27,40.75
2010,2013-12-30,40.58
2011,2013-12-31,40.5
2012,2014-01-02,40.49
2013,2014-01-03,40.44
2014,2014-01-06,40.32
2015,2014-01-07,41.2
2016,2014-01-08,41.72
2017,2014-01-09,41.35
2018,2014-01-10,41.35
2019,2014-01-13,41.22
2020,2014-01-14,41.14
2021,2014-01-15,41.3
2022,2014-01-16,40.75
2023,2014-01-17,40.44
2024,2014-01-21,40.05
2025,2014-01-22,40.4
2026,2014-01-23,39.77
2027,2014-01-24,38.98
2028,2014-01-27,37.94
2029,2014-01-28,38.32
2030,2014-01-29,36.31
2031,2014-01-30,35.81
2032,2014-01-31,36.33
2033,2014-02-03,36.01
2034,2014-02-04,35.86
2035,2014-02-05,35.94
2036,2014-02-06,36.75
2037,2014-02-07,37.27
2038,2014-02-10,38.13
2039,2014-02-11,38.86
2040,2014-02-12,38.91
2041,2014-02-13,38.69
2042,2014-02-14,38.45
2043,2014-02-18,38.59
2044,2014-02-19,38.33
2045,2014-02-20,38.04
2046,2014-02-21,37.96
2047,2014-02-24,37.71
2048,2014-02-25,37.58
2049,2014-02-26,38.1
2050,2014-02-27,38.48
2051,2014-02-28,39.38
2052,2014-03-03,38.66
2053,2014-03-04,39.79
2054,2014-03-05,40.15
2055,2014-03-06,39.98
2056,2014-03-07,39.91
2057,2014-03-10,38.78
2058,2014-03-11,38.3
2059,2014-03-12,37.61
2060,2014-03-13,38.42
2061,2014-03-14,38.19
2062,2014-03-17,39.36
2063,2014-03-18,39.51
2064,2014-03-19,39.94
2065,2014-03-20,38.47
2066,2014-03-21,38.27
2067,2014-03-24,38.04
2068,2014-03-25,37.07
2069,2014-03-26,36.74
2070,2014-03-27,36.15
2071,2014-03-28,36.73
2072,2014-03-31,36.58
2073,2014-04-01,36.86
2074,2014-04-02,36.86
2075,2014-04-03,36.79
2076,2014-04-04,36.05
2077,2014-04-07,34.37
2078,2014-04-08,34.43
2079,2014-04-09,35.0
2080,2014-04-10,34.98
2081,2014-04-11,33.48
2082,2014-04-14,34.04
2083,2014-04-15,34.28
2084,2014-04-16,37.3
2085,2014-04-17,36.6
2086,2014-04-21,36.65
2087,2014-04-22,36.85
2088,2014-04-23,36.19
2089,2014-04-24,35.82
2090,2014-04-25,35.1
2091,2014-04-28,35.0
2092,2014-04-29,35.89
2093,2014-04-30,36.44
2094,2014-05-01,36.69
2095,2014-05-02,37.12
2096,2014-05-05,37.05
2097,2014-05-06,37.16
2098,2014-05-07,35.99
2099,2014-05-08,34.57
2100,2014-05-09,34.1
2101,2014-05-12,34.6
2102,2014-05-13,34.68
2103,2014-05-14,34.65
2104,2014-05-15,34.19
2105,2014-05-16,33.66
2106,2014-05-19,33.99
2107,2014-05-20,34.47
2108,2014-05-21,34.39
2109,2014-05-22,34.86
2110,2014-05-23,35.08
2111,2014-05-27,35.13
2112,2014-05-28,35.17
2113,2014-05-29,35.1
2114,2014-05-30,34.93
2115,2014-06-02,34.95
2116,2014-06-03,34.97
2117,2014-06-04,34.83
2118,2014-06-05,34.99
2119,2014-06-06,36.08
2120,2014-06-09,36.32
2121,2014-06-10,36.52
2122,2014-06-11,36.84
2123,2014-06-12,36.79
2124,2014-06-13,37.06
2125,2014-06-16,35.49
2126,2014-06-17,34.94
2127,2014-06-18,35.01
2128,2014-06-19,35.2
2129,2014-06-20,34.81
2130,2014-06-23,34.22
2131,2014-06-24,33.99
2132,2014-06-25,33.65
2133,2014-06-26,33.75
2134,2014-06-27,34.55
2135,2014-06-30,35.26
2136,2014-07-01,35.7
2137,2014-07-02,35.91
2138,2014-07-03,36.15
2139,2014-07-07,36.23
2140,2014-07-08,35.66
2141,2014-07-09,35.07
2142,2014-07-10,34.97
2143,2014-07-11,35.56
2144,2014-07-14,35.95
2145,2014-07-15,35.94
2146,2014-07-16,34.45
2147,2014-07-17,33.9
2148,2014-07-18,33.35
2149,2014-07-21,33.64
2150,2014-07-22,33.84
2151,2014-07-23,34.92
2152,2014-07-24,36.55
2153,2014-07-25,36.33
2154,2014-07-28,36.23
2155,2014-07-29,36.16
2156,2014-07-30,36.99
2157,2014-07-31,36.49
2158,2014-08-01,36.08
2159,2014-08-04,36.66
2160,2014-08-05,36.42
2161,2014-08-06,35.94
2162,2014-08-07,36.0
2163,2014-08-08,35.96
2164,2014-08-11,36.15
2165,2014-08-12,35.99
2166,2014-08-13,36.45
2167,2014-08-14,36.42
2168,2014-08-15,36.57
2169,2014-08-18,37.77
2170,2014-08-19,37.94
2171,2014-08-20,37.75
2172,2014-08-21,37.75
2173,2014-08-22,38.2
2174,2014-08-25,38.22
2175,2014-08-26,37.92
2176,2014-08-27,38.72
2177,2014-08-28,38.57
2178,2014-08-29,38.67
2179,2014-09-02,39.3
2180,2014-09-03,39.6
2181,2014-09-04,39.34
2182,2014-09-05,39.8
2183,2014-09-08,41.82
2184,2014-09-09,42.06
2185,2014-09-10,41.23
2186,2014-09-11,41.56
2187,2014-09-12,43.2
2188,2014-09-15,44.0
2189,2014-09-16,42.96
2190,2014-09-17,42.96
2191,2014-09-18,43.32
2192,2014-09-19,43.19
2193,2014-09-22,40.04
2194,2014-09-23,39.27
2195,2014-09-24,40.1
2196,2014-09-25,39.8
2197,2014-09-26,40.8
2198,2014-09-29,41.09
2199,2014-09-30,41.23
2200,2014-10-01,41.24
2201,2014-10-02,40.64
2202,2014-10-03,41.69
2203,2014-10-06,41.73
2204,2014-10-07,41.29
2205,2014-10-08,41.29
2206,2014-10-09,41.25
2207,2014-10-10,41.07
2208,2014-10-13,40.07
2209,2014-10-14,39.0
2210,2014-10-15,38.08
2211,2014-10-16,38.5
2212,2014-10-17,38.98
2213,2014-10-20,39.4
2214,2014-10-21,40.48
2215,2014-10-22,42.88
2216,2014-10-23,42.83
2217,2014-10-24,43.65
2218,2014-10-27,44.82
2219,2014-10-28,46.15
2220,2014-10-29,45.98
2221,2014-10-30,45.84
2222,2014-10-31,46.52
2223,2014-11-03,46.72
2224,2014-11-04,47.13
2225,2014-11-05,48.28
2226,2014-11-06,47.98
2227,2014-11-07,48.67
2228,2014-11-10,49.63
2229,2014-11-11,49.18
2230,2014-11-12,50.63
2231,2014-11-13,51.17
2232,2014-11-14,51.95
2233,2014-11-17,52.42
2234,2014-11-18,52.62
2235,2014-11-19,51.37
2236,2014-11-20,52.23
2237,2014-11-21,52.25
2238,2014-11-24,51.83
2239,2014-11-25,52.19
2240,2014-11-26,52.26
2241,2014-11-28,52.0
2242,2014-12-01,51.43
2243,2014-12-02,51.12
2244,2014-12-03,50.97
2245,2014-12-04,50.66
2246,2014-12-05,51.25
2247,2014-12-08,50.9
2248,2014-12-09,50.53
2249,2014-12-10,50.69
2250,2014-12-11,50.58
2251,2014-12-12,51.17
2252,2014-12-15,50.92
2253,2014-12-16,50.08
2254,2014-12-17,50.25
2255,2014-12-18,51.15
2256,2014-12-19,51.47
2257,2014-12-22,51.6
2258,2014-12-23,51.46
2259,2014-12-24,50.92
2260,2014-12-26,51.06
2261,2014-12-29,51.01
2262,2014-12-30,51.27
2263,2014-12-31,51.68
2264,2015-01-02,50.78
2265,2015-01-05,49.88
2266,2015-01-06,49.88
2267,2015-01-07,49.64
2268,2015-01-08,50.23
2269,2015-01-09,50.41
2270,2015-01-12,49.93
2271,2015-01-13,49.48
2272,2015-01-14,48.09
2273,2015-01-15,47.75
2274,2015-01-16,46.59
2275,2015-01-20,47.89
2276,2015-01-21,48.38
2277,2015-01-22,49.08
2278,2015-01-23,49.23
2279,2015-01-26,49.79
2280,2015-01-27,49.28
2281,2015-01-28,50.32
2282,2015-01-29,43.8
2283,2015-01-30,44.85
2284,2015-02-02,44.76
2285,2015-02-03,45.25
2286,2015-02-04,44.98
2287,2015-02-05,44.26
2288,2015-02-06,43.66
2289,2015-02-09,43.15
2290,2015-02-10,43.18
2291,2015-02-11,43.26
2292,2015-02-12,44.16
2293,2015-02-13,44.59
2294,2015-02-17,44.54
2295,2015-02-18,43.82
2296,2015-02-19,44.42
2297,2015-02-20,44.36
2298,2015-02-23,43.99
2299,2015-02-24,43.52
2300,2015-02-25,44.72
2301,2015-02-26,44.76
2302,2015-02-27,44.57
2303,2015-03-02,44.43
2304,2015-03-03,43.95
2305,2015-03-04,44.38
2306,2015-03-05,44.31
2307,2015-03-06,44.24
2308,2015-03-09,43.93
2309,2015-03-10,42.92
2310,2015-03-11,42.99
2311,2015-03-12,43.36
2312,2015-03-13,42.98
2313,2015-03-16,43.88
2314,2015-03-17,44.16
2315,2015-03-18,44.71
2316,2015-03-19,45.45
2317,2015-03-20,45.58
2318,2015-03-23,45.54
2319,2015-03-24,44.78
2320,2015-03-25,44.93
2321,2015-03-26,44.67
2322,2015-03-27,45.67
2323,2015-03-30,45.42
2324,2015-03-31,45.2
2325,2015-04-01,44.6
2326,2015-04-02,44.36
2327,2015-04-06,44.03
2328,2015-04-07,44.22
2329,2015-04-08,45.19
2330,2015-04-09,46.17
2331,2015-04-10,45.79
2332,2015-04-13,45.59
2333,2015-04-14,45.64
2334,2015-04-15,45.83
2335,2015-04-16,46.13
2336,2015-04-17,45.44
2337,2015-04-20,44.91
2338,2015-04-21,45.18
2339,2015-04-22,44.85
2340,2015-04-23,44.06
2341,2015-04-24,44.71
2342,2015-04-27,45.1
2343,2015-04-28,44.57
2344,2015-04-29,44.05
2345,2015-04-30,43.31
2346,2015-05-01,42.68
2347,2015-05-04,42.55
2348,2015-05-05,42.0
2349,2015-05-06,41.73
2350,2015-05-07,44.98
2351,2015-05-08,44.55
2352,2015-05-11,44.14
2353,2015-05-12,44.31
2354,2015-05-13,44.67
2355,2015-05-14,44.99
2356,2015-05-15,45.07
2357,2015-05-18,44.57
2358,2015-05-19,44.66
2359,2015-05-20,43.04
2360,2015-05-21,43.86
2361,2015-05-22,44.0
2362,2015-05-26,43.5
2363,2015-05-27,43.44
2364,2015-05-28,43.42
2365,2015-05-29,43.59
2366,2015-06-01,43.63
2367,2015-06-02,43.62
2368,2015-06-03,43.78
2369,2015-06-04,43.44
2370,2015-06-05,43.26
2371,2015-06-08,42.89
2372,2015-06-09,41.95
2373,2015-06-10,42.31
2374,2015-06-11,42.21
2375,2015-06-12,41.11
2376,2015-06-15,40.67
2377,2015-06-16,41.4
2378,2015-06-17,41.52
2379,2015-06-18,41.27
2380,2015-06-19,40.93
2381,2015-06-22,40.89
2382,2015-06-23,40.8
2383,2015-06-24,41.23
2384,2015-06-25,41.38
2385,2015-06-26,41.06
2386,2015-06-29,39.78
2387,2015-06-30,39.65
2388,2015-07-01,39.78
2389,2015-07-02,39.64
2390,2015-07-06,39.12
2391,2015-07-07,38.38
2392,2015-07-08,37.49
2393,2015-07-09,38.68
2394,2015-07-10,38.42
2395,2015-07-13,38.8
2396,2015-07-14,39.03
2397,2015-07-15,38.8
2398,2015-07-16,38.96
2399,2015-07-17,39.79
2400,2015-07-20,39.98
2401,2015-07-21,39.85
2402,2015-07-22,39.63
2403,2015-07-23,39.78
2404,2015-07-24,39.58
2405,2015-07-27,38.31
2406,2015-07-28,37.92
2407,2015-07-29,37.92
2408,2015-07-30,37.69
2409,2015-07-31,37.57
2410,2015-08-03,36.98
2411,2015-08-04,37.21
2412,2015-08-05,37.71
2413,2015-08-06,37.52
2414,2015-08-07,36.76
2415,2015-08-10,37.69
2416,2015-08-11,36.77
2417,2015-08-12,34.77
2418,2015-08-13,36.61
2419,2015-08-14,36.34
2420,2015-08-17,36.24
2421,2015-08-18,36.19
2422,2015-08-19,35.67
2423,2015-08-20,34.95
2424,2015-08-21,34.02
2425,2015-08-24,32.28
2426,2015-08-25,33.03
2427,2015-08-26,32.62
2428,2015-08-27,33.77
2429,2015-08-28,33.57
2430,2015-08-31,32.99
2431,2015-09-01,32.1
2432,2015-09-02,32.03
2433,2015-09-03,32.74
2434,2015-09-04,32.29
2435,2015-09-08,32.83
2436,2015-09-09,31.8
2437,2015-09-10,31.59
2438,2015-09-11,31.43
2439,2015-09-14,30.92
2440,2015-09-15,31.22
2441,2015-09-16,31.77
2442,2015-09-17,31.33
2443,2015-09-18,30.8
2444,2015-09-21,31.74
2445,2015-09-22,30.92
2446,2015-09-23,30.57
2447,2015-09-24,29.57
2448,2015-09-25,29.71
2449,2015-09-28,29.22
2450,2015-09-29,29.23
2451,2015-09-30,29.11
2452,2015-10-01,29.0
2453,2015-10-02,30.71
2454,2015-10-05,31.2
2455,2015-10-06,31.18
2456,2015-10-07,31.99
2457,2015-10-08,32.5
2458,2015-10-09,32.69
2459,2015-10-12,33.02
2460,2015-10-13,32.82
2461,2015-10-14,32.49
2462,2015-10-15,33.49
2463,2015-10-16,33.86
2464,2015-10-19,33.63
2465,2015-10-20,33.59
2466,2015-10-21,32.43
2467,2015-10-22,31.9
2468,2015-10-23,33.36
2469,2015-10-26,33.49
2470,2015-10-27,35.47
2471,2015-10-28,35.27
2472,2015-10-29,35.15
2473,2015-10-30,35.7
2474,2015-11-02,35.48
2475,2015-11-03,35.34
2476,2015-11-04,35.24
2477,2015-11-05,35.3
2478,2015-11-06,35.2
2479,2015-11-09,34.08
2480,2015-11-10,34.13
2481,2015-11-11,34.23
2482,2015-11-12,33.84
2483,2015-11-13,33.04
2484,2015-11-16,32.99
2485,2015-11-17,33.12
2486,2015-11-18,33.02
2487,2015-11-19,33.5
2488,2015-11-20,33.3
2489,2015-11-23,33.87
2490,2015-11-24,33.19
2491,2015-11-25,33.52
2492,2015-11-27,33.08
2493,2015-11-30,33.83
2494,2015-12-01,33.89
2495,2015-12-02,36.39
2496,2015-12-03,35.72
2497,2015-12-04,35.2
2498,2015-12-07,34.92
2499,2015-12-08,34.98
2500,2015-12-09,35.84
2501,2015-12-10,34.73
2502,2015-12-11,34.15
2503,2015-12-14,33.27
2504,2015-12-15,33.39
2505,2015-12-16,33.88
2506,2015-12-17,34.08
2507,2015-12-18,33.63
2508,2015-12-21,33.3
2509,2015-12-22,34.21
2510,2015-12-23,34.58
2511,2015-12-24,34.74
2512,2015-12-28,33.91
2513,2015-12-29,34.17
2514,2015-12-30,34.04
2515,2015-12-31,33.68
2516,2016-01-04,32.35
2517,2016-01-05,32.32
2518,2016-01-06,32.46
2519,2016-01-07,31.19
2520,2016-01-08,31.54
2521,2016-01-11,30.75
2522,2016-01-12,30.97
2523,2016-01-13,31.17
2524,2016-01-14,30.57
2525,2016-01-15,29.77
2526,2016-01-19,30.0
2527,2016-01-20,29.11
2528,2016-01-21,29.8
2529,2016-01-22,30.52
2530,2016-01-25,30.39
2531,2016-01-26,30.19
2532,2016-01-27,30.53
2533,2016-01-28,30.63
2534,2016-01-29,29.51
2535,2016-02-01,29.78
2536,2016-02-02,30.23
2537,2016-02-03,28.61
2538,2016-02-04,29.23
2539,2016-02-05,29.14
2540,2016-02-08,27.97
2541,2016-02-09,27.69
2542,2016-02-10,27.81
2543,2016-02-11,26.97
2544,2016-02-12,27.32
2545,2016-02-16,29.44
2546,2016-02-17,29.66
2547,2016-02-18,30.14
2548,2016-02-19,30.23
2549,2016-02-22,31.21
2550,2016-02-23,31.38
2551,2016-02-24,31.12
2552,2016-02-25,31.36
2553,2016-02-26,31.9
2554,2016-02-29,32.46
2555,2016-03-01,32.85
2556,2016-03-02,33.24
2557,2016-03-03,33.21
2558,2016-03-04,33.93
2559,2016-03-07,34.38
2560,2016-03-08,33.82
2561,2016-03-09,33.52
2562,2016-03-10,33.6
2563,2016-03-11,33.86
2564,2016-03-14,34.08
2565,2016-03-15,33.46
2566,2016-03-16,34.08
2567,2016-03-17,34.55
2568,2016-03-18,35.21
2569,2016-03-21,36.1
2570,2016-03-22,35.61
2571,2016-03-23,35.7
2572,2016-03-24,34.86
2573,2016-03-28,35.45
2574,2016-03-29,36.43
2575,2016-03-30,37.28
2576,2016-03-31,37.02
2577,2016-04-01,36.88
2578,2016-04-04,37.5
2579,2016-04-05,36.92
2580,2016-04-06,37.0
2581,2016-04-07,37.25
2582,2016-04-08,36.92
2583,2016-04-11,36.84
2584,2016-04-12,36.83
2585,2016-04-13,37.35
2586,2016-04-14,37.5
2587,2016-04-15,37.15
2588,2016-04-18,37.0
2589,2016-04-19,36.73
2590,2016-04-20,38.18
2591,2016-04-21,38.12
2592,2016-04-22,38.09
2593,2016-04-25,37.54
2594,2016-04-26,37.54
2595,2016-04-27,37.59
2596,2016-04-28,37.44
2597,2016-04-29,36.98
2598,2016-05-02,36.74
2599,2016-05-03,36.41
2600,2016-05-04,36.09
2601,2016-05-05,37.45
2602,2016-05-06,37.31
2603,2016-05-09,37.35
2604,2016-05-10,37.58
2605,2016-05-11,37.63
2606,2016-05-12,37.51
2607,2016-05-13,37.07
2608,2016-05-16,37.79
2609,2016-05-17,37.7
2610,2016-05-18,37.5
2611,2016-05-19,37.23
2612,2016-05-20,36.72
2613,2016-05-23,36.94
2614,2016-05-24,37.63
2615,2016-05-25,36.96
2616,2016-05-26,36.85
2617,2016-05-27,37.88
2618,2016-05-31,38.08
2619,2016-06-01,37.74
2620,2016-06-02,37.22
2621,2016-06-03,37.11
2622,2016-06-06,37.2
2623,2016-06-07,36.99
2624,2016-06-08,37.3
2625,2016-06-09,37.73
2626,2016-06-10,37.14
2627,2016-06-13,36.91
2628,2016-06-14,37.44
2629,2016-06-15,37.6
2630,2016-06-16,37.45
2631,2016-06-17,37.44
2632,2016-06-20,37.68
2633,2016-06-21,37.55
2634,2016-06-22,37.52
2635,2016-06-23,37.78
2636,2016-06-24,36.95
2637,2016-06-27,36.01
2638,2016-06-28,36.14
2639,2016-06-29,37.08
2640,2016-06-30,37.58
2641,2016-07-01,38.08
2642,2016-07-05,37.77
2643,2016-07-06,37.56
2644,2016-07-07,37.76
2645,2016-07-08,37.84
2646,2016-07-11,38.15
2647,2016-07-12,38.33
2648,2016-07-13,38.01
2649,2016-07-14,38.35
2650,2016-07-15,38.18
2651,2016-07-18,37.97
2652,2016-07-19,38.49
2653,2016-07-20,38.93
2654,2016-07-21,39.25
2655,2016-07-22,39.42
2656,2016-07-25,39.21
2657,2016-07-26,38.83
2658,2016-07-27,38.77
2659,2016-07-28,38.64
2660,2016-07-29,38.52
2661,2016-08-01,38.89
2662,2016-08-02,38.67
2663,2016-08-03,38.55
2664,2016-08-04,39.03
2665,2016-08-05,39.15
2666,2016-08-08,39.27
2667,2016-08-09,39.31
2668,2016-08-10,39.98
2669,2016-08-11,41.73
2670,2016-08-12,42.98
2671,2016-08-15,43.29
2672,2016-08-16,42.79
2673,2016-08-17,42.75
2674,2016-08-18,42.97
2675,2016-08-19,43.12
2676,2016-08-22,42.87
2677,2016-08-23,42.91
2678,2016-08-24,42.77
2679,2016-08-25,42.24
2680,2016-08-26,42.61
2681,2016-08-29,42.46
2682,2016-08-30,42.74
2683,2016-08-31,42.8
2684,2016-09-01,43.1
2685,2016-09-02,43.6
2686,2016-09-06,44.85
2687,2016-09-07,44.92
2688,2016-09-08,44.72
2689,2016-09-09,44.15
2690,2016-09-12,43.65
2691,2016-09-13,43.52
2692,2016-09-14,43.62
2693,2016-09-15,44.05
2694,2016-09-16,44.02
2695,2016-09-19,43.95
2696,2016-09-20,43.38
2697,2016-09-21,44.22
2698,2016-09-22,44.87
2699,2016-09-23,43.76
2700,2016-09-26,42.74
2701,2016-09-27,43.41
2702,2016-09-28,43.72
2703,2016-09-29,43.3
2704,2016-09-30,43.25
2705,2016-10-03,43.18
2706,2016-10-04,43.5
2707,2016-10-05,43.87
2708,2016-10-06,43.82
2709,2016-10-07,43.68
2710,2016-10-10,44.07
2711,2016-10-11,44.08
2712,2016-10-12,42.78
2713,2016-10-13,42.08
2714,2016-10-14,42.25
2715,2016-10-17,41.94
2716,2016-10-18,42.6
2717,2016-10-19,42.94
2718,2016-10-20,42.69
2719,2016-10-21,42.2
2720,2016-10-24,42.68
2721,2016-10-25,42.75
2722,2016-10-26,42.44
2723,2016-10-27,42.49
2724,2016-10-28,42.22
2725,2016-10-31,42.16
2726,2016-11-01,41.34
2727,2016-11-02,42.16
2728,2016-11-03,40.75
2729,2016-11-04,40.67
2730,2016-11-07,41.23
2731,2016-11-08,41.28
2732,2016-11-09,41.39
2733,2016-11-10,41.65
2734,2016-11-11,40.52
2735,2016-11-14,40.39
2736,2016-11-15,40.45
2737,2016-11-16,41.05
2738,2016-11-17,41.65
2739,2016-11-18,41.65
2740,2016-11-21,41.48
2741,2016-11-22,41.4
2742,2016-11-23,40.98
2743,2016-11-25,41.08
2744,2016-11-28,41.7
2745,2016-11-29,41.83
2746,2016-11-30,41.67
2747,2016-12-01,41.04
2748,2016-12-02,40.32
2749,2016-12-05,40.39
2750,2016-12-06,40.42
2751,2016-12-07,40.57
2752,2016-12-08,41.6
2753,2016-12-09,41.8
2754,2016-12-12,41.53
2755,2016-12-13,41.79
2756,2016-12-14,41.53
2757,2016-12-15,40.0
2758,2016-12-16,39.22
2759,2016-12-19,38.79
2760,2016-12-20,39.18
2761,2016-12-21,39.32
2762,2016-12-22,38.79
2763,2016-12-23,38.81
2764,2016-12-27,39.06
2765,2016-12-28,39.22
2766,2016-12-29,38.93
2767,2016-12-30,39.0
2768,2017-01-03,39.18
2769,2017-01-04,40.25
2770,2017-01-05,41.37
2771,2017-01-06,41.34
2772,2017-01-09,41.66
2773,2017-01-10,42.37
2774,2017-01-11,42.59
2775,2017-01-12,42.46
2776,2017-01-13,42.46
2777,2017-01-17,42.18
2778,2017-01-18,42.15
2779,2017-01-19,42.19
2780,2017-01-20,42.54
2781,2017-01-23,42.45
2782,2017-01-24,44.22
2783,2017-01-25,45.0
2784,2017-01-26,45.08
2785,2017-01-27,44.71
2786,2017-01-30,44.22
2787,2017-01-31,44.15
2788,2017-02-01,44.26
2789,2017-02-02,44.0
2790,2017-02-03,43.99
2791,2017-02-06,44.53
2792,2017-02-07,44.59
2793,2017-02-08,45.19
2794,2017-02-09,45.24
2795,2017-02-10,45.23
2796,2017-02-13,45.57
2797,2017-02-14,45.58
2798,2017-02-15,46.72
2799,2017-02-16,45.69
2800,2017-02-17,45.34
2801,2017-02-21,45.61
2802,2017-02-22,46.34
2803,2017-02-23,46.14
2804,2017-02-24,45.55
2805,2017-02-27,45.74
2806,2017-02-28,45.75
2807,2017-03-01,46.41
2808,2017-03-02,46.13
2809,2017-03-03,46.0
2810,2017-03-06,45.69
2811,2017-03-07,45.92
2812,2017-03-08,46.19
2813,2017-03-09,46.12
2814,2017-03-10,46.2
2815,2017-03-13,47.0
2816,2017-03-14,46.76
2817,2017-03-15,46.55
2818,2017-03-16,46.62
2819,2017-03-17,46.9
2820,2017-03-20,47.16
2821,2017-03-21,47.19
2822,2017-03-22,46.14
2823,2017-03-23,46.78
2824,2017-03-24,46.86
2825,2017-03-27,46.48
2826,2017-03-28,46.76
2827,2017-03-29,46.84
2828,2017-03-30,47.04
2829,2017-03-31,46.7
2830,2017-04-03,46.85
2831,2017-04-04,46.47
2832,2017-04-05,46.92
2833,2017-04-06,46.43
2834,2017-04-07,46.53
2835,2017-04-10,47.42
2836,2017-04-11,47.21
2837,2017-04-12,47.16
2838,2017-04-13,47.11
2839,2017-04-17,47.42
2840,2017-04-18,47.74
2841,2017-04-19,47.88
2842,2017-04-20,47.84
2843,2017-04-21,47.77
2844,2017-04-24,48.2
2845,2017-04-25,48.46
2846,2017-04-26,48.47
2847,2017-04-27,48.47
2848,2017-04-28,48.5
2849,2017-05-01,48.78
2850,2017-05-02,49.3
2851,2017-05-03,49.19
2852,2017-05-04,48.68
2853,2017-05-05,48.66
2854,2017-05-08,48.96
2855,2017-05-09,49.67
2856,2017-05-10,49.6
2857,2017-05-11,49.71
2858,2017-05-12,49.75
2859,2017-05-15,49.94
2860,2017-05-16,51.12
2861,2017-05-17,50.7
2862,2017-05-18,50.03
2863,2017-05-19,51.23
2864,2017-05-22,51.08
2865,2017-05-23,50.9
2866,2017-05-24,50.59
2867,2017-05-25,50.75
2868,2017-05-26,50.74
2869,2017-05-30,50.94
2870,2017-05-31,50.65
2871,2017-06-01,50.7
2872,2017-06-02,50.75
2873,2017-06-05,50.88
2874,2017-06-06,50.76
2875,2017-06-07,50.72
2876,2017-06-08,55.94
2877,2017-06-09,57.39
2878,2017-06-12,54.55
2879,2017-06-13,54.08
2880,2017-06-14,54.26
2881,2017-06-15,52.76
2882,2017-06-16,53.3
2883,2017-06-19,55.03
2884,2017-06-20,54.9
2885,2017-06-21,55.17
2886,2017-06-22,55.45
2887,2017-06-23,54.99
2888,2017-06-26,55.6
2889,2017-06-27,54.73
2890,2017-06-28,55.1
2891,2017-06-29,54.92
2892,2017-06-30,54.73
2893,2017-07-03,55.25
2894,2017-07-05,55.84
2895,2017-07-06,55.2
2896,2017-07-07,54.91
2897,2017-07-10,54.98
2898,2017-07-11,55.35
2899,2017-07-12,56.57
2900,2017-07-13,56.68
2901,2017-07-14,57.41
2902,2017-07-17,57.88
2903,2017-07-18,58.74
2904,2017-07-19,59.33
2905,2017-07-20,58.58
2906,2017-07-21,58.4
2907,2017-07-24,58.5
2908,2017-07-25,58.36
2909,2017-07-26,59.03
2910,2017-07-27,60.22
2911,2017-07-28,59.64
2912,2017-07-31,59.89
2913,2017-08-01,58.8
2914,2017-08-02,59.25
2915,2017-08-03,58.33
2916,2017-08-04,58.57
2917,2017-08-07,60.16
2918,2017-08-08,60.44
2919,2017-08-09,59.95
2920,2017-08-10,59.51
2921,2017-08-11,58.23
2922,2017-08-14,59.02
2923,2017-08-15,60.14
2924,2017-08-16,60.85
2925,2017-08-17,63.46
2926,2017-08-18,63.7
2927,2017-08-21,64.0
2928,2017-08-22,65.52
2929,2017-08-23,66.0
2930,2017-08-24,66.2
2931,2017-08-25,65.56
2932,2017-08-28,64.43
2933,2017-08-29,63.72
2934,2017-08-30,64.58
2935,2017-08-31,64.76
2936,2017-09-01,64.38
2937,2017-09-05,64.3
2938,2017-09-06,64.28
2939,2017-09-07,64.18
2940,2017-09-08,64.34
2941,2017-09-11,65.26
2942,2017-09-12,65.63
2943,2017-09-13,66.71
2944,2017-09-14,66.9
2945,2017-09-15,66.66
2946,2017-09-18,67.28
2947,2017-09-19,67.61
2948,2017-09-20,67.59
2949,2017-09-21,67.22
2950,2017-09-22,67.39
2951,2017-09-25,67.0
2952,2017-09-26,65.82
2953,2017-09-27,66.27
2954,2017-09-28,66.19
2955,2017-09-29,66.61
2956,2017-10-02,66.98
2957,2017-10-03,67.93
2958,2017-10-04,68.22
2959,2017-10-05,68.1
2960,2017-10-06,68.08
2961,2017-10-09,69.06
2962,2017-10-10,69.51
2963,2017-10-11,69.38
2964,2017-10-12,69.23
2965,2017-10-13,68.18
2966,2017-10-16,68.13
2967,2017-10-17,68.1
2968,2017-10-18,68.04
2969,2017-10-19,67.54
2970,2017-10-20,68.36
2971,2017-10-23,68.0
2972,2017-10-24,67.2
2973,2017-10-25,67.04
2974,2017-10-26,66.01
2975,2017-10-27,67.73
2976,2017-10-30,68.96
2977,2017-10-31,70.27
2978,2017-11-01,71.38
2979,2017-11-02,72.47
2980,2017-11-03,71.4
2981,2017-11-06,71.96
2982,2017-11-07,72.47
2983,2017-11-08,72.2
2984,2017-11-09,70.68
2985,2017-11-10,70.74
2986,2017-11-13,71.39
2987,2017-11-14,70.15
2988,2017-11-15,69.55
2989,2017-11-16,71.22
2990,2017-11-17,71.37
2991,2017-11-20,72.53
2992,2017-11-21,73.14
2993,2017-11-22,73.25
2994,2017-11-24,73.18
2995,2017-11-27,73.12
2996,2017-11-28,72.48
2997,2017-11-29,71.7
2998,2017-11-30,70.84
2999,2017-12-01,71.25
3000,2017-12-04,71.34
3001,2017-12-05,69.38
3002,2017-12-06,69.62
3003,2017-12-07,70.64
3004,2017-12-08,71.63
3005,2017-12-11,72.09
3006,2017-12-12,71.15
3007,2017-12-13,71.76
3008,2017-12-14,70.62
3009,2017-12-15,70.54
3010,2017-12-18,70.74
3011,2017-12-19,70.36
3012,2017-12-20,71.05
3013,2017-12-21,72.17
3014,2017-12-22,71.87
3015,2017-12-26,71.39
3016,2017-12-27,70.49
3017,2017-12-28,70.32
3018,2017-12-29,70.13
